Designator,Footprint,Quantity,Value,LCSC Part #
"C1, C19, C2, C20",C_0402_1005Metric,4,22pF,
"C10, C12, C13, C14, C15, C16, C17, C18",C_0402_1005Metric,8,100nF,
C11,C_0402_1005Metric,1,1uF,
C22,C_0402_1005Metric,1,220pF,
C3,C_0402_1005Metric,1,2.2nF,
C33,C_0402_1005Metric,1,0.3pF,
C4,C_0402_1005Metric,1,4.7pF,
C5,C_0402_1005Metric,1,1.5pF,
C6,C_0402_1005Metric,1,1.0pF,
C7,C_0402_1005Metric,1,33nF,
C8,C_0402_1005Metric,1,10nF,
C9,C_0402_1005Metric,1,1nF,
D1,LED_0603_1608Metric,1,LED,
D2,LED_WS2812B_PLCC4_5.0x5.0mm_P3.2mm,1,WS2812B,
D3,D_0402_1005Metric,1,D_TVS,
FB1,R_0603_1608Metric,1,FerriteBead,
FL1,2450BP14D0100T,1,2450BP14D0100T,
"H1, H2, H3, H4",MountingHole_3.2mm_M3_DIN965_Pad,4,MountingHole_Pad,
IC1,QFN50P300X300X60-17N-D,1,RFX2401C,
J1,73251-2200,1,SMA Connector,
J2,USB_C_Receptacle_HRO_TYPE-C-31-M-12,1,USB_C_Receptacle_USB2.0,
J3,PinSocket_1x04_P2.54mm_Vertical,1,S4B-XH-A-1,
L1,L_0402_1005Metric,1,8.2nH,
L2,L_0402_1005Metric,1,2.7nH,
L3,L_0402_1005Metric,1,3.9nH,
L4,L_0402_1005Metric,1,10uH,
R1,R_0402_1005Metric,1,1M,
"R11, R12",R_0402_1005Metric,2,10k,
R2,R_0402_1005Metric,1,22k,
"R3, R4",R_0402_1005Metric,2,30R,
R5,R_0402_1005Metric,1,470,
"R6, R8",R_0402_1005Metric,2,5.1k,
R7,R_0402_1005Metric,1,100kR,
U1,SOT-223-3_TabPin2,1,LM1117-3.3,
U2,SOT-23-6,1,USBLC6-2SC6,
U3,STM32L4P5RET6,1,STM32L4P5RET6,
U4,QFN-20-1EP_3.5x3.5mm_P0.5mm_EP2x2mm_ThermalVias,1,NRF24L01,
U5,36103205S,1,36103205S,
Y1,Crystal_SMD_2520-4Pin_2.5x2.0mm,1,Crystal(16MHZ),
Y2,Crystal_SMD_2520-4Pin_2.5x2.0mm,1,Crystal(32.756MHz),
